3432,Updated-3432,Updated-3432,Updated-3432
4921,Updated-4921,Updated-4921,Updated-4921
6465,Updated-6465,Updated-6465,Updated-6465
287,Updated-287,Updated-287,Updated-287
3697,Updated-3697,Updated-3697,Updated-3697
2915,Updated-2915,Updated-2915,Updated-2915
6436,Updated-6436,Updated-6436,Updated-6436
9835,Updated-9835,Updated-9835,Updated-9835
6614,Updated-6614,Updated-6614,Updated-6614
1812,Updated-1812,Updated-1812,Updated-1812
8848,Updated-8848,Updated-8848,Updated-8848
4770,Updated-4770,Updated-4770,Updated-4770
7958,Updated-7958,Updated-7958,Updated-7958
1161,Updated-1161,Updated-1161,Updated-1161
7825,Updated-7825,Updated-7825,Updated-7825
9984,Updated-9984,Updated-9984,Updated-9984
1042,Updated-1042,Updated-1042,Updated-1042
7578,Updated-7578,Updated-7578,Updated-7578
2711,Updated-2711,Updated-2711,Updated-2711
5789,Updated-5789,Updated-5789,Updated-5789
5808,Updated-5808,Updated-5808,Updated-5808
4918,Updated-4918,Updated-4918,Updated-4918
1082,Updated-1082,Updated-1082,Updated-1082
2847,Updated-2847,Updated-2847,Updated-2847
5434,Updated-5434,Updated-5434,Updated-5434
7042,Updated-7042,Updated-7042,Updated-7042
5740,Updated-5740,Updated-5740,Updated-5740
3794,Updated-3794,Updated-3794,Updated-3794
5371,Updated-5371,Updated-5371,Updated-5371
9634,Updated-9634,Updated-9634,Updated-9634
8551,Updated-8551,Updated-8551,Updated-8551
8007,Updated-8007,Updated-8007,Updated-8007
5071,Updated-5071,Updated-5071,Updated-5071
344,Updated-344,Updated-344,Updated-344
4791,Updated-4791,Updated-4791,Updated-4791
757,Updated-757,Updated-757,Updated-757
6091,Updated-6091,Updated-6091,Updated-6091
4051,Updated-4051,Updated-4051,Updated-4051
191,Updated-191,Updated-191,Updated-191
8545,Updated-8545,Updated-8545,Updated-8545
9741,Updated-9741,Updated-9741,Updated-9741
5988,Updated-5988,Updated-5988,Updated-5988
8788,Updated-8788,Updated-8788,Updated-8788
2136,Updated-2136,Updated-2136,Updated-2136
248,Updated-248,Updated-248,Updated-248
7950,Updated-7950,Updated-7950,Updated-7950
6364,Updated-6364,Updated-6364,Updated-6364
3231,Updated-3231,Updated-3231,Updated-3231
9492,Updated-9492,Updated-9492,Updated-9492
1057,Updated-1057,Updated-1057,Updated-1057
6690,Updated-6690,Updated-6690,Updated-6690
5833,Updated-5833,Updated-5833,Updated-5833
2945,Updated-2945,Updated-2945,Updated-2945
3256,Updated-3256,Updated-3256,Updated-3256
8100,Updated-8100,Updated-8100,Updated-8100
2813,Updated-2813,Updated-2813,Updated-2813
2091,Updated-2091,Updated-2091,Updated-2091
1697,Updated-1697,Updated-1697,Updated-1697
9797,Updated-9797,Updated-9797,Updated-9797
6569,Updated-6569,Updated-6569,Updated-6569
8591,Updated-8591,Updated-8591,Updated-8591
6564,Updated-6564,Updated-6564,Updated-6564
8183,Updated-8183,Updated-8183,Updated-8183
6585,Updated-6585,Updated-6585,Updated-6585
7241,Updated-7241,Updated-7241,Updated-7241
5824,Updated-5824,Updated-5824,Updated-5824
1409,Updated-1409,Updated-1409,Updated-1409
5859,Updated-5859,Updated-5859,Updated-5859
5246,Updated-5246,Updated-5246,Updated-5246
2259,Updated-2259,Updated-2259,Updated-2259
8153,Updated-8153,Updated-8153,Updated-8153
2727,Updated-2727,Updated-2727,Updated-2727
8938,Updated-8938,Updated-8938,Updated-8938
8192,Updated-8192,Updated-8192,Updated-8192
236,Updated-236,Updated-236,Updated-236
9775,Updated-9775,Updated-9775,Updated-9775
4324,Updated-4324,Updated-4324,Updated-4324
2039,Updated-2039,Updated-2039,Updated-2039
6990,Updated-6990,Updated-6990,Updated-6990
6040,Updated-6040,Updated-6040,Updated-6040
2165,Updated-2165,Updated-2165,Updated-2165
2187,Updated-2187,Updated-2187,Updated-2187
7984,Updated-7984,Updated-7984,Updated-7984
8676,Updated-8676,Updated-8676,Updated-8676
6856,Updated-6856,Updated-6856,Updated-6856
5700,Updated-5700,Updated-5700,Updated-5700
465,Updated-465,Updated-465,Updated-465
6414,Updated-6414,Updated-6414,Updated-6414
1851,Updated-1851,Updated-1851,Updated-1851
6481,Updated-6481,Updated-6481,Updated-6481
9772,Updated-9772,Updated-9772,Updated-9772
1577,Updated-1577,Updated-1577,Updated-1577
5307,Updated-5307,Updated-5307,Updated-5307
532,Updated-532,Updated-532,Updated-532
2351,Updated-2351,Updated-2351,Updated-2351
8001,Updated-8001,Updated-8001,Updated-8001
